{"cameraMode":{"drawMode":0,"name":"Shaded","section":"Shading Mode"},"sceneLighting":true,"audioPlay":false,"sceneViewState":{"showFog":true,"showMaterialUpdate":false,"showSkybox":true,"showFlares":true,"showImageEffects":true,"showParticleSystems":true},"in2DMode":false,"pivot":{"x":595.8192749023438,"y":333.66943359375,"z":-0.6735541820526123},"rotation":{"x":0.020995423197746278,"y":-0.016208358108997346,"z":0.00034250959288328886,"w":0.9996481537818909},"size":1253.6219482421875,"orthographic":true}