{"cameraMode":{"drawMode":0,"name":"Shaded","section":"Shading Mode"},"sceneLighting":true,"audioPlay":false,"sceneViewState":{"showFog":true,"showMaterialUpdate":false,"showSkybox":true,"showFlares":true,"showImageEffects":true,"showParticleSystems":true},"in2DMode":false,"pivot":{"x":243.6452178955078,"y":-27.43186378479004,"z":433.2257385253906},"rotation":{"x":-0.00926266424357891,"y":-0.9278905987739563,"z":0.372020959854126,"w":-0.023102087900042535},"size":50.0285758972168,"orthographic":false}