{"cameraMode":{"drawMode":0,"name":"Shaded","section":"Shading Mode"},"sceneLighting":true,"audioPlay":false,"sceneViewState":{"showFog":true,"showMaterialUpdate":false,"showSkybox":true,"showFlares":true,"showImageEffects":true,"showParticleSystems":true},"in2DMode":false,"pivot":{"x":269.6499938964844,"y":2.2658920288085939,"z":463.2495422363281},"rotation":{"x":-0.136941060423851,"y":0.019314885139465333,"z":-0.0026690682861953975,"w":-0.9903873205184937},"size":41.52312088012695,"orthographic":true}