{"cameraMode":{"drawMode":0,"name":"Shaded","section":"Shading Mode"},"sceneLighting":true,"audioPlay":false,"sceneViewState":{"showFog":true,"showMaterialUpdate":false,"showSkybox":true,"showFlares":true,"showImageEffects":true,"showParticleSystems":true},"in2DMode":false,"pivot":{"x":271.21221923828127,"y":6.558309555053711,"z":462.95367431640627},"rotation":{"x":0.012989557348191738,"y":-0.9715462327003479,"z":0.23004455864429475,"w":0.0548517219722271},"size":5.533572196960449,"orthographic":true}