{"cameraMode":{"drawMode":0,"name":"Shaded","section":"Shading Mode"},"sceneLighting":true,"audioPlay":false,"sceneViewState":{"showFog":true,"showMaterialUpdate":false,"showSkybox":true,"showFlares":true,"showImageEffects":true,"showParticleSystems":true},"in2DMode":false,"pivot":{"x":241.26171875,"y":8.34521484375,"z":462.150390625},"rotation":{"x":0.025255756452679635,"y":0.7809969186782837,"z":-0.03164619952440262,"w":0.6232211589813232},"size":14.21566390991211,"orthographic":true}