{"cameraMode":{"drawMode":0,"name":"Shaded","section":"Shading Mode"},"sceneLighting":true,"audioPlay":false,"sceneViewState":{"showFog":true,"showMaterialUpdate":false,"showSkybox":true,"showFlares":true,"showImageEffects":true,"showParticleSystems":true},"in2DMode":false,"pivot":{"x":233.88400268554688,"y":8.175000190734864,"z":469.7760009765625},"rotation":{"x":-0.05454086884856224,"y":-0.9006237387657166,"z":0.11848773807287216,"w":-0.41456347703933718},"size":11.547019004821778,"orthographic":false}