{"cameraMode":{"drawMode":0,"name":"Shaded","section":"Shading Mode"},"sceneLighting":true,"audioPlay":false,"sceneViewState":{"showFog":true,"showMaterialUpdate":false,"showSkybox":true,"showFlares":true,"showImageEffects":true,"showParticleSystems":true},"in2DMode":false,"pivot":{"x":283.71075439453127,"y":0.2743818759918213,"z":461.683837890625},"rotation":{"x":-0.09435036778450012,"y":0.8229720592498779,"z":-0.1433880627155304,"w":-0.5415302515029907},"size":22.0,"orthographic":true}