{"cameraMode":{"drawMode":0,"name":"Shaded","section":"Shading Mode"},"sceneLighting":true,"audioPlay":false,"sceneViewState":{"showFog":true,"showMaterialUpdate":false,"showSkybox":false,"showFlares":true,"showImageEffects":true,"showParticleSystems":true},"in2DMode":false,"pivot":{"x":0.08666134625673294,"y":-0.09080058336257935,"z":0.09130740165710449},"rotation":{"x":-0.00926266424357891,"y":-0.9278905987739563,"z":0.372020959854126,"w":-0.023102087900042535},"size":1.5176968574523926,"orthographic":false}