{"cameraMode":{"drawMode":0,"name":"Shaded","section":"Shading Mode"},"sceneLighting":true,"audioPlay":false,"sceneViewState":{"showFog":true,"showMaterialUpdate":false,"showSkybox":true,"showFlares":true,"showImageEffects":true,"showParticleSystems":true},"in2DMode":false,"pivot":{"x":652.9979858398438,"y":51.37655258178711,"z":0.1669541597366333},"rotation":{"x":-0.06983993947505951,"y":0.005985351279377937,"z":-0.0004189106693957001,"w":-0.9975401759147644},"size":722.4188842773438,"orthographic":true}