{"cameraMode":{"drawMode":0,"name":"Shaded","section":"Shading Mode"},"sceneLighting":true,"audioPlay":false,"sceneViewState":{"showFog":true,"showMaterialUpdate":false,"showSkybox":true,"showFlares":true,"showImageEffects":true,"showParticleSystems":true},"in2DMode":false,"pivot":{"x":239.385009765625,"y":1.322265625,"z":463.685546875},"rotation":{"x":0.028275394812226297,"y":0.9634418487548828,"z":-0.24129150807857514,"w":0.11295502632856369},"size":5.496295928955078,"orthographic":true}