{"cameraMode":{"drawMode":0,"name":"Shaded","section":"Shading Mode"},"sceneLighting":true,"audioPlay":false,"sceneViewState":{"showFog":true,"showMaterialUpdate":false,"showSkybox":true,"showFlares":true,"showImageEffects":true,"showParticleSystems":true},"in2DMode":false,"pivot":{"x":239.90716552734376,"y":2.61289119720459,"z":463.30908203125},"rotation":{"x":0.040201395750045779,"y":-0.9515696167945862,"z":0.14176982641220094,"w":0.2698156535625458},"size":9.87906551361084,"orthographic":true}