{"cameraMode":{"drawMode":0,"name":"Shaded","section":"Shading Mode"},"sceneLighting":true,"audioPlay":false,"sceneViewState":{"showFog":true,"showMaterialUpdate":false,"showSkybox":true,"showFlares":true,"showImageEffects":true,"showParticleSystems":true},"in2DMode":false,"pivot":{"x":240.93914794921876,"y":2.288146495819092,"z":463.2377624511719},"rotation":{"x":0.0300802793353796,"y":-0.9667143821716309,"z":0.21516123414039613,"w":0.13514523208141328},"size":10.298897743225098,"orthographic":true}