{"cameraMode":{"drawMode":0,"name":"Shaded","section":"Shading Mode"},"sceneLighting":false,"audioPlay":false,"sceneViewState":{"showFog":true,"showMaterialUpdate":false,"showSkybox":false,"showFlares":true,"showImageEffects":true,"showParticleSystems":true},"in2DMode":false,"pivot":{"x":0.0,"y":0.29999998211860659,"z":0.48000001907348635},"rotation":{"x":-0.00926266424357891,"y":-0.9278905987739563,"z":0.372020959854126,"w":-0.023102087900042535},"size":7.232578754425049,"orthographic":false}