{"cameraMode":{"drawMode":0,"name":"Shaded","section":"Shading Mode"},"sceneLighting":true,"audioPlay":false,"sceneViewState":{"showFog":true,"showMaterialUpdate":false,"showSkybox":true,"showFlares":true,"showImageEffects":true,"showParticleSystems":true},"in2DMode":false,"pivot":{"x":331.5090637207031,"y":11.831332206726075,"z":457.0665283203125},"rotation":{"x":-0.13487954437732697,"y":0.8407132029533386,"z":-0.2443910837173462,"w":-0.4639848470687866},"size":59.61836624145508,"orthographic":true}