{"cameraMode":{"drawMode":0,"name":"Shaded","section":"Shading Mode"},"sceneLighting":true,"audioPlay":false,"sceneViewState":{"showFog":true,"showMaterialUpdate":false,"showSkybox":true,"showFlares":true,"showImageEffects":true,"showParticleSystems":true},"in2DMode":false,"pivot":{"x":-14.44001579284668,"y":-17.16356086730957,"z":465.8926696777344},"rotation":{"x":-0.1503261774778366,"y":0.0029657057020813228,"z":-0.0004480936622712761,"w":-0.9886319041252136},"size":1208.80322265625,"orthographic":true}