{"cameraMode":{"drawMode":0,"name":"Shaded","section":"Shading Mode"},"sceneLighting":true,"audioPlay":false,"sceneViewState":{"showFog":true,"showMaterialUpdate":false,"showSkybox":true,"showFlares":true,"showImageEffects":true,"showParticleSystems":true},"in2DMode":false,"pivot":{"x":528.0813598632813,"y":278.530517578125,"z":-1.3142069578170777},"rotation":{"x":-0.13101401925086976,"y":0.010408955626189709,"z":-0.0013743970775976778,"w":-0.9913249015808106},"size":570.5046997070313,"orthographic":true}