{"cameraMode":{"drawMode":0,"name":"Shaded","section":"Shading Mode"},"sceneLighting":true,"audioPlay":false,"sceneViewState":{"showFog":true,"showMaterialUpdate":false,"showSkybox":true,"showFlares":true,"showImageEffects":true,"showParticleSystems":true},"in2DMode":false,"pivot":{"x":272.4695739746094,"y":0.10009659081697464,"z":378.8796081542969},"rotation":{"x":0.043594930320978168,"y":0.9293509721755981,"z":-0.34758275747299197,"w":0.1165870949625969},"size":33.494991302490237,"orthographic":true}