{"cameraMode":{"drawMode":0,"name":"Shaded","section":"Shading Mode"},"sceneLighting":true,"audioPlay":false,"sceneViewState":{"showFog":true,"showMaterialUpdate":false,"showSkybox":true,"showFlares":true,"showImageEffects":true,"showParticleSystems":true},"in2DMode":false,"pivot":{"x":272.489990234375,"y":2.2658920288085939,"z":463.2799987792969},"rotation":{"x":0.06896326690912247,"y":0.7840836048126221,"z":-0.08858344703912735,"w":0.6104179620742798},"size":4.543377876281738,"orthographic":true}