{"cameraMode":{"drawMode":0,"name":"Shaded","section":"Shading Mode"},"sceneLighting":true,"audioPlay":false,"sceneViewState":{"showFog":true,"showMaterialUpdate":false,"showSkybox":true,"showFlares":true,"showImageEffects":true,"showParticleSystems":true},"in2DMode":false,"pivot":{"x":240.69384765625,"y":2.064134359359741,"z":460.5311584472656},"rotation":{"x":0.044206734746694568,"y":0.9390973448753357,"z":-0.13215667009353639,"w":0.3141283690929413},"size":9.94809341430664,"orthographic":false}