{"cameraMode":{"drawMode":0,"name":"Shaded","section":"Shading Mode"},"sceneLighting":true,"audioPlay":false,"sceneViewState":{"showFog":true,"showMaterialUpdate":false,"showSkybox":true,"showFlares":true,"showImageEffects":true,"showParticleSystems":true},"in2DMode":false,"pivot":{"x":239.75148010253907,"y":3.2858524322509767,"z":463.5078125},"rotation":{"x":0.00842063594609499,"y":-0.9616938829421997,"z":0.27237942814826968,"w":0.0297240037471056},"size":2.5477919578552248,"orthographic":true}