{"cameraMode":{"drawMode":0,"name":"Shaded","section":"Shading Mode"},"sceneLighting":true,"audioPlay":false,"sceneViewState":{"showFog":true,"showMaterialUpdate":false,"showSkybox":true,"showFlares":true,"showImageEffects":true,"showParticleSystems":true},"in2DMode":false,"pivot":{"x":235.695068359375,"y":5.220098495483398,"z":469.5636901855469},"rotation":{"x":-0.05251656845211983,"y":0.9303248524665833,"z":-0.14716672897338868,"w":-0.33178234100341799},"size":10.490270614624024,"orthographic":true}