{"cameraMode":{"drawMode":0,"name":"Shaded","section":"Shading Mode"},"sceneLighting":true,"audioPlay":false,"sceneViewState":{"showFog":true,"showMaterialUpdate":false,"showSkybox":true,"showFlares":true,"showImageEffects":true,"showParticleSystems":true},"in2DMode":false,"pivot":{"x":231.14727783203126,"y":4.118112564086914,"z":463.4158020019531},"rotation":{"x":-0.12436985224485398,"y":0.8498884439468384,"z":-0.23138383030891419,"w":-0.45681867003440859},"size":7.409835338592529,"orthographic":false}