{"cameraMode":{"drawMode":0,"name":"Shaded","section":"Shading Mode"},"sceneLighting":true,"audioPlay":false,"sceneViewState":{"showFog":true,"showMaterialUpdate":false,"showSkybox":true,"showFlares":true,"showImageEffects":true,"showParticleSystems":true},"in2DMode":false,"pivot":{"x":213.39646911621095,"y":-6.0,"z":305.8551025390625},"rotation":{"x":0.35335421562194826,"y":-0.07565531879663468,"z":0.02868642285466194,"w":0.9319840669631958},"size":268.1601257324219,"orthographic":true}