{"cameraMode":{"drawMode":0,"name":"Shaded","section":"Shading Mode"},"sceneLighting":false,"audioPlay":false,"sceneViewState":{"showFog":true,"showMaterialUpdate":false,"showSkybox":false,"showFlares":true,"showImageEffects":true,"showParticleSystems":true},"in2DMode":false,"pivot":{"x":-5.162792682647705,"y":-4.325316905975342,"z":-4.857306003570557},"rotation":{"x":-0.06432849913835526,"y":0.11559280008077622,"z":-0.007502027787268162,"w":-0.9911831021308899},"size":4.651167392730713,"orthographic":false}