{"cameraMode":{"drawMode":0,"name":"Shaded","section":"Shading Mode"},"sceneLighting":false,"audioPlay":false,"sceneViewState":{"showFog":true,"showMaterialUpdate":false,"showSkybox":false,"showFlares":true,"showImageEffects":true,"showParticleSystems":true},"in2DMode":false,"pivot":{"x":24.690593719482423,"y":0.7642260193824768,"z":14.250388145446778},"rotation":{"x":-0.06432849913835526,"y":0.11559280008077622,"z":-0.007502027787268162,"w":-0.9911831021308899},"size":6.57433557510376,"orthographic":false}