{"cameraMode":{"drawMode":0,"name":"Shaded","section":"Shading Mode"},"sceneLighting":true,"audioPlay":false,"sceneViewState":{"showFog":true,"showMaterialUpdate":false,"showSkybox":true,"showFlares":true,"showImageEffects":true,"showParticleSystems":true},"in2DMode":false,"pivot":{"x":241.7412567138672,"y":4.267467021942139,"z":463.1856689453125},"rotation":{"x":-0.022930851206183435,"y":0.9478363394737244,"z":-0.07008690387010575,"w":-0.3101101219654083},"size":5.410515785217285,"orthographic":false}